threshold,precision,g17,floatifier,compress_time,decompress_time,ratio,similarity
0,-1,None,in_place,1.6990547559998959,0.36831866500051547,0.17543833596375202,0.07030398269038124
0,-1,bytes,in_place,1.563852510000288,0.3110024480001812,0.10174910546403945,0.07030398269038118
0,-1,None,hstack,1.6228868879998117,0.32831019800050854,0.11191245305197114,0.0703039826903812
0,-1,bytes,hstack,1.6081127509996804,0.32844696499978454,0.10174910546403945,0.07030398269038125
0,-1,None,vstack,1.575668064000638,0.3183815210004468,0.11191245305197114,0.0703039826903812
0,-1,bytes,vstack,1.6277232290003667,0.3222319390006305,0.10174910546403945,0.07030398269038116
0,0,None,in_place,1.4453488079998351,0.15713723499993648,0.004077237925373551,0.07030398269038114
0,0,bytes,in_place,1.4313709389998621,0.18539427899941074,0.0040782425810105645,0.07030398269038125
0,0,None,hstack,1.4180044490003638,0.20785599800001364,0.0040782425810105645,0.07030398269038121
0,0,bytes,hstack,1.4516412079992733,0.19405015299980732,0.0040782425810105645,0.07030398269038123
0,0,None,vstack,1.4298173280003539,0.18133361499985767,0.0040782425810105645,0.0703039826903812
0,0,bytes,vstack,1.5018567960005385,0.2242250930003138,0.0040782425810105645,0.07030398269038117
0,1,None,in_place,1.4978586779998295,0.16926185000011174,0.004075982105827285,0.0
0,1,bytes,in_place,1.7378101479998804,0.1943569490003938,0.004075982105827285,0.0
0,1,None,hstack,1.548380281999016,0.20030284799941,0.004075982105827285,0.0
0,1,bytes,hstack,1.6502446409995173,0.21831098400070914,0.004075982105827285,0.0
0,1,None,vstack,1.3984124959988549,0.1801020700004301,0.004075982105827285,0.0
0,1,bytes,vstack,1.5384484200003499,0.2311103979991458,0.004075982105827285,0.0
0,2,None,in_place,1.380399560001024,0.15671697499965376,0.004075982105827285,0.0
0,2,bytes,in_place,1.393740491999779,0.2001066289994924,0.004075982105827285,0.0
0,2,None,hstack,1.3507231479998154,0.19686232900130562,0.004075982105827285,0.0
0,2,bytes,hstack,1.4671991879986308,0.18675635999898077,0.004075982105827285,0.0
0,2,None,vstack,1.3633523209991836,0.19307835600011458,0.004075982105827285,0.0
0,2,bytes,vstack,1.4151075330009917,0.19464799699926516,0.004075982105827285,0.0
0,3,None,in_place,1.3945347360004234,0.17749048999939987,0.004075982105827285,0.08870089991709573
0,3,bytes,in_place,1.4588851570006227,0.18855768700086628,0.004075982105827285,0.10540853658405608
0,3,None,hstack,1.405038503000469,0.1829174820013577,0.004075982105827285,0.07427745284202232
0,3,bytes,hstack,1.5127826360003382,0.1907831909993547,0.004075982105827285,0.10540853658405609
0,3,None,vstack,1.5291027889998077,0.19244071700086351,0.004075982105827285,0.07427745284202233
0,3,bytes,vstack,1.4012561819999974,0.1952888020005048,0.004075982105827285,0.10540853658405606
0,4,None,in_place,1.3476144029991701,0.1617217429993616,0.004075982105827285,0.07012725751598486
0,4,bytes,in_place,1.5162392149995867,0.22124245499981043,0.004076233269736538,0.06814711143063434
0,4,None,hstack,1.609642678000455,0.1987744140005816,0.004076233269736538,0.05686285978899653
0,4,bytes,hstack,1.5349849479989643,0.2020924919997924,0.004076233269736538,0.06814711143063429
0,4,None,vstack,1.3907472649989359,0.178615914999682,0.004076233269736538,0.056862859788996536
0,4,bytes,vstack,1.3809450770004332,0.19159049800146022,0.004076233269736538,0.06814711143063429
50,-1,None,in_place,1.6729269240004214,0.37389277500005846,0.17815517597014416,0.42767670273985425
50,-1,bytes,in_place,1.5723758740004996,0.3172785670012672,0.10478492363518317,0.42767670273985414
50,-1,None,hstack,1.5637995600009162,0.34098512700074934,0.11490130357208451,0.4276767027398546
50,-1,bytes,hstack,1.6507904170011898,0.3363803000011103,0.10478492363518317,0.4276767027398545
50,-1,None,vstack,1.5966129009993892,0.3158588980004424,0.11490130357208451,0.4276767027398543
50,-1,bytes,vstack,1.577240840999366,0.325172389000727,0.10478492363518317,0.4276767027398543
50,0,None,in_place,1.3544638200000918,0.17959269200036942,0.008170707318382592,0.4276767027398544
50,0,bytes,in_place,1.4656207709995215,0.2345263499992143,0.008284233405365049,0.42767670273985453
50,0,None,hstack,1.458323560998906,0.20237518399881083,0.008291014830914887,0.4276767027398543
50,0,bytes,hstack,1.4167101060011191,0.1947740639989206,0.008284233405365049,0.4276767027398544
50,0,None,vstack,1.4056894369987276,0.19409045800057356,0.008291014830914887,0.42767670273985436
50,0,bytes,vstack,1.4199329759994725,0.19727467400116439,0.008284233405365049,0.4276767027398542
50,1,None,in_place,1.323720570999285,0.1558587509989593,0.0042638527099486965,0.07112657263334829
50,1,bytes,in_place,1.3606859379997331,0.20015029099886306,0.004269127152043015,0.11781466473607917
50,1,None,hstack,1.3482130279990088,0.18322137399991334,0.00427038297158928,0.13197566787820922
50,1,bytes,hstack,1.3911939249992429,0.18750296299913316,0.004269127152043015,0.11781466473607922
50,1,None,vstack,1.3328775270001643,0.17591077999895788,0.00427038297158928,0.13197566787820916
50,1,bytes,vstack,1.3929467090001708,0.20423714400021709,0.004269127152043015,0.11781466473607927
50,2,None,in_place,1.3233523800008697,0.17444000499926915,0.004297508673788628,0.14214353552977138
50,2,bytes,in_place,1.3696791349993873,0.21129138699870964,0.004301024968518174,0.07273017396754336
50,2,None,hstack,1.3429977140003757,0.21030175600026269,0.00430855988579577,0.09939421346823736
50,2,bytes,hstack,1.506538317000377,0.2066994140004681,0.004301024968518174,0.07273017396754335
50,2,None,vstack,1.37810444599927,0.19928936200085445,0.00430855988579577,0.09939421346823728
50,2,bytes,vstack,1.4414024790003168,0.19804845999897225,0.004301024968518174,0.07273017396754336
50,3,None,in_place,1.363900131000264,0.17476679900028103,0.0043613043067389475,0.2225200175445988
50,3,bytes,in_place,1.3771481579988176,0.20682108199980576,0.004364820601468492,0.20233842556263842
50,3,None,hstack,1.4105016039993643,0.20292847500058997,0.0043738625022016085,0.19088431420094085
50,3,bytes,hstack,1.4591042190004373,0.1917526729994279,0.004364820601468492,0.20233842556263845
50,3,None,vstack,1.5360993230005988,0.20393429499927151,0.0043738625022016085,0.19088431420094104
50,3,bytes,vstack,1.4136712929994246,0.19775166100043862,0.004364820601468492,0.20233842556263848
50,4,None,in_place,1.3574101499998505,0.17182240299916884,0.004428113906600305,0.2936428474825282
50,4,bytes,in_place,1.373600068000087,0.20801046900123765,0.004432886020876116,0.2915374452797488
50,4,None,hstack,1.349395141000059,0.20229390100030287,0.00444016977424446,0.29167299652473566
50,4,bytes,hstack,1.4148464120007702,0.1943784590002906,0.004432886020876116,0.29153744527974895
50,4,None,vstack,1.3744603949999146,0.20258714299961866,0.00444016977424446,0.29167299652473544
50,4,bytes,vstack,1.609292198998446,0.2304686910010787,0.004432886020876116,0.29153744527974856
100,-1,None,in_place,3.6146144710000954,0.7192130809999071,0.18636019855762845,0.5992835513809798
100,-1,bytes,in_place,3.391831449000165,0.6746446099987224,0.11371907505122959,0.5992835513809804
100,-1,None,hstack,3.8504123210004764,0.3737958929996239,0.12350944423392025,0.5992835513809798
100,-1,bytes,hstack,2.3782501529985893,0.3332305269996141,0.11371907505122959,0.5992835513809801
100,-1,None,vstack,1.6346559840003465,0.3561375940007565,0.12350944423392025,0.5992835513809798
100,-1,bytes,vstack,1.5903174849991046,0.3314452509985131,0.11371907505122959,0.5992835513809803
100,0,None,in_place,1.3416543479997927,0.18704478300060146,0.020373003521631964,0.5992835513809798
100,0,bytes,in_place,1.4146752699998615,0.21977145900018513,0.020517422769452565,0.5992835513809801
100,0,None,hstack,1.8528089999999793,0.21902087800117442,0.02054957174983698,0.5992835513809801
100,0,bytes,hstack,1.3793145310010004,0.20985431599910953,0.020517422769452565,0.5992835513809799
100,0,None,vstack,1.344917873000668,0.21451634999903035,0.02054957174983698,0.59928355138098
100,0,bytes,vstack,1.8463807749994885,0.2158111650005594,0.020517422769452565,0.5992835513809802
100,1,None,in_place,1.3403474209990236,0.17403665600068052,0.004822943571946373,0.07100464288242703
100,1,bytes,in_place,1.5181248400003824,0.21284234300037497,0.0048304784892239695,0.11743343897027136
100,1,None,hstack,1.3612067369995202,0.20503659799942398,0.004835250603499781,0.1303668887949888
100,1,bytes,hstack,1.3821586270005355,0.19278102600037528,0.0048304784892239695,0.11743343897027138
100,1,None,vstack,1.3429857310002262,0.19876875400041172,0.004835250603499781,0.13036688879498887
100,1,bytes,vstack,1.3614034370002628,0.19720355099889275,0.0048304784892239695,0.1174334389702715
100,2,None,in_place,1.335249105000912,0.1750688470001478,0.004960832558126392,0.14293233152207926
100,2,bytes,in_place,1.3659293559994694,0.2079058930012252,0.004956060443850581,0.0731410854002572
100,2,None,hstack,1.3310934230012208,0.2060176920003869,0.004984441965596196,0.09961512777829162
100,2,bytes,hstack,1.3968754060006177,0.20513400100026047,0.004956060443850581,0.07314108540025722
100,2,None,vstack,1.3485468159997254,0.20255776700105343,0.004984441965596196,0.09961512777829158
100,2,bytes,vstack,1.3967606599999272,0.20398499099974288,0.004956060443850581,0.07314108540025716
100,3,None,in_place,1.3576943040006881,0.17664421899826266,0.00521777323729244,0.22521672475573462
100,3,bytes,in_place,1.4488496699996176,0.20677241100020183,0.005199689435826208,0.20361558572082497
100,3,None,hstack,1.5052732080002897,0.20685695999964082,0.005239875661306724,0.19094212340210853
100,3,bytes,hstack,1.5924700230007147,0.20967534900046303,0.005199689435826208,0.2036155857208249
100,3,None,vstack,3.6803392260007968,0.41152264999982435,0.005239875661306724,0.19094212340210862
100,3,bytes,vstack,1.4071928630000912,0.19943905400032236,0.005199689435826208,0.2036155857208248
100,4,None,in_place,1.3323009930008993,0.17342548799933866,0.0054809930141898194,0.2982282264759762
100,4,bytes,in_place,1.4024188180010242,0.2180084560004616,0.005464165032269853,0.2976786746623055
100,4,None,hstack,1.3316216759994859,0.21140754599946376,0.005499327979565305,0.29491128820665435
100,4,bytes,hstack,1.436910854999951,0.20295038600124826,0.005464165032269853,0.29767867466230546
100,4,None,vstack,1.3667551790003927,0.20703489399966202,0.005499327979565305,0.2949112882066543
100,4,bytes,vstack,1.6016814000013255,0.22135081899978104,0.005464165032269853,0.29767867466230524
150,-1,None,in_place,1.850809240999297,0.4096755970003869,0.20024906041151322,0.7542809829824748
150,-1,bytes,in_place,1.70242891000089,0.36249495599986403,0.12910663195162833,0.754280982982475
150,-1,None,hstack,1.6660300280000229,0.39266256200062344,0.1376861399278092,0.7542809829824746
150,-1,bytes,hstack,3.82437537000078,0.5681322439995711,0.12910663195162833,0.7542809829824749
150,-1,None,vstack,1.691021313001329,0.3657259609990433,0.1376861399278092,0.754280982982475
150,-1,bytes,vstack,1.60334543800127,0.35295468000003893,0.12910663195162833,0.7542809829824753
150,0,None,in_place,1.8313876880001771,0.2344822369996109,0.04066528924192767,0.7542809829824747
150,0,bytes,in_place,1.3978788429994893,0.24571492500035674,0.040687140502032704,0.7542809829824753
150,0,None,hstack,1.3918651860003592,0.29742546300076356,0.041008379141967574,0.7542809829824751
150,0,bytes,hstack,1.647073668998928,0.23721619699972507,0.040687140502032704,0.7542809829824747
150,0,None,vstack,1.5237693620001664,0.23793629000101646,0.041008379141967574,0.7542809829824751
150,0,bytes,vstack,1.5031627210009901,0.23573869899882993,0.040687140502032704,0.7542809829824747
150,1,None,in_place,1.376823698001317,0.18914268699882086,0.0057517477083647945,0.07104120288615448
150,1,bytes,in_place,1.5032211809993896,0.21661070799927984,0.005780631557928915,0.11779184692671014
150,1,None,hstack,1.4341105990006326,0.2184696329986764,0.0057768640992901165,0.1303235187202692
150,1,bytes,hstack,1.6055311979998805,0.19364294699880702,0.005780631557928915,0.11779184692671019
150,1,None,vstack,1.4822556039998744,0.19973473999925773,0.0057768640992901165,0.1303235187202693
150,1,bytes,vstack,1.492344572001457,0.20078556499902334,0.005780631557928915,0.1177918469267102
150,2,None,in_place,1.4493348019987025,0.17933357399851957,0.006067209578386843,0.14309559578320274
150,2,bytes,in_place,1.4299526730010257,0.21992607000174758,0.006067963070114603,0.07316800754312677
150,2,None,hstack,1.3761174399987794,0.21123745600016264,0.006100363214408269,0.0994849875702837
150,2,bytes,hstack,1.4679073589995824,0.1909028659993055,0.006067963070114603,0.07316800754312675
150,2,None,vstack,1.4288342189993273,0.21798084300098708,0.006100363214408269,0.09948498757028373
150,2,bytes,vstack,1.4885773499991046,0.1961677539984521,0.006067963070114603,0.07316800754312676
150,3,None,in_place,1.3273122050013626,0.18264526100028888,0.006643379586213739,0.22557607659723847
150,3,bytes,in_place,1.4320189879999816,0.23027759100114054,0.006561751315706441,0.20386533845310834
150,3,None,hstack,1.376911833000122,0.23059457800081873,0.006669249468866821,0.19094526575061826
150,3,bytes,hstack,1.4885840219994861,0.20338783800070814,0.006561751315706441,0.20386533845310842
150,3,None,vstack,1.4007791650001309,0.20651509699928283,0.006669249468866821,0.19094526575061815
150,3,bytes,vstack,1.4947330030008743,0.1994118629991135,0.006561751315706441,0.2038653384531084
150,4,None,in_place,1.426126819998899,0.18501034700057062,0.007233614772958814,0.2992071531520628
150,4,bytes,in_place,1.4737292150002759,0.2110756609999953,0.00709145600032149,0.29903042928786716
150,4,None,hstack,1.4297003480005515,0.20902320300046995,0.007256219524791605,0.2952701277902231
150,4,bytes,hstack,1.4612119909998,0.20074962800026697,0.00709145600032149,0.29903042928786705
150,4,None,vstack,1.3584097390012175,0.20357907699872158,0.007256219524791605,0.29527012779022305
150,4,bytes,vstack,1.4582915310002136,0.2075606329999573,0.00709145600032149,0.29903042928786683
200,-1,None,in_place,1.6734683729991957,0.43074217299908923,0.2198021707468767,0.8543137080979107
200,-1,bytes,in_place,2.6740544179992867,0.8175372149999021,0.15011724645238828,0.8543137080979107
200,-1,None,hstack,3.6085635550007282,0.7194288770006096,0.1572015756767847,0.8543137080979102
200,-1,bytes,hstack,2.575850129000173,0.37980200399942987,0.15011724645238828,0.8543137080979103
200,-1,None,vstack,1.875012122998669,0.38830784499987203,0.1572015756767847,0.8543137080979104
200,-1,bytes,vstack,1.7468063609994715,0.3772357590005413,0.15011724645238828,0.8543137080979103
200,0,None,in_place,1.7885124099993845,0.5315977970003587,0.06902998300562199,0.8543137080979104
200,0,bytes,in_place,3.0922587889999704,0.574481649999143,0.06819762581035681,0.8543137080979107
200,0,None,hstack,3.2787721829990915,0.6074788660007471,0.0693768403643007,0.854313708097911
200,0,bytes,hstack,1.6807865310001944,0.2635813639990374,0.06819762581035681,0.8543137080979107
200,0,None,vstack,1.4893693679987337,0.2662782440002047,0.0693768403643007,0.85431370809791
200,0,bytes,vstack,1.4523293309994187,0.26233934899937594,0.06819762581035681,0.8543137080979107
200,1,None,in_place,1.3761763610000344,0.1785592190008174,0.007053279086115,0.07109631347796047
200,1,bytes,in_place,1.5043319390006218,0.2075720850007201,0.007112302604789508,0.11785875701040394
200,1,None,hstack,1.3933420840003237,0.20565464999890537,0.007080655952223601,0.1303103241359844
200,1,bytes,hstack,1.4045736490006675,0.21351522800068778,0.007112302604789508,0.11785875701040388
200,1,None,vstack,1.32882582899947,0.203529434000302,0.007080655952223601,0.13031032413598448
200,1,bytes,vstack,1.4177052060003916,0.19815975799974694,0.007112302604789508,0.11785875701040388
200,2,None,in_place,1.3124579470004392,0.17423690299983718,0.007608602489473877,0.1430273553368453
200,2,bytes,in_place,1.5682905339999706,0.2724048630007019,0.007632211896943681,0.07318080072915799
200,2,None,hstack,1.505341407000742,0.24895075800122868,0.007634723536036213,0.09942301696481888
200,2,bytes,hstack,1.4235547949992906,0.1980218499993498,0.007632211896943681,0.07318080072915797
200,2,None,vstack,1.3313728789999004,0.20500574000107008,0.007634723536036213,0.09942301696481896
200,2,bytes,vstack,1.4743060789987794,0.21929682699919795,0.007632211896943681,0.07318080072915802
200,3,None,in_place,1.3315201149998757,0.2026837939993129,0.008624560502403168,0.22569420586901445
200,3,bytes,in_place,1.383557467999708,0.21403232000011485,0.008435685242644743,0.20389300310880584
200,3,None,hstack,1.348656371999823,0.21145557499949064,0.008623807010675407,0.1909574455472358
200,3,bytes,hstack,1.511353779998899,0.30054348400153685,0.008435685242644743,0.20389300310880581
200,3,None,vstack,1.3661216469990904,0.21153982400028326,0.008623807010675407,0.19095744554723576
200,3,bytes,vstack,1.6535364899991691,0.26701956800025073,0.008435685242644743,0.20389300310880598
200,4,None,in_place,1.6083739519999654,0.23300724399996398,0.009669904692715085,0.2993895762319276
200,4,bytes,in_place,1.4062648190010805,0.22123912899951392,0.00927758666646155,0.29909030455562824
200,4,None,hstack,1.3306848449992685,0.20669760999953724,0.009665886070167034,0.2951306677640368
200,4,bytes,hstack,1.4014797519994318,0.19473112299965578,0.00927758666646155,0.29909030455562835
200,4,None,vstack,1.3432101130001683,0.20282086199949845,0.009665886070167034,0.29513066776403707
200,4,bytes,vstack,1.4087698879993695,0.20268641900111106,0.00927758666646155,0.2990903045556283
250,-1,None,in_place,1.6642065799987904,0.45519125899954815,0.24520714900393104,0.9456418295791642
250,-1,bytes,in_place,1.601802608000071,0.4271115680003277,0.17705884550625384,0.9456418295791637
250,-1,None,hstack,1.5451085709992185,0.4093826770003943,0.18312696555381172,0.9456418295791632
250,-1,bytes,hstack,1.5932798449994152,0.39203076400008285,0.17705884550625384,0.9456418295791634
250,-1,None,vstack,1.5408216910000192,0.4083356889987044,0.18312696555381172,0.9456418295791638
250,-1,bytes,vstack,1.6021892250009842,0.40021729599902756,0.17705884550625384,0.9456418295791639
250,0,None,in_place,1.343313807999948,0.2782743579991802,0.10547562438562953,0.9456418295791639
250,0,bytes,in_place,1.382105999000487,0.30850476199884724,0.10333696369833834,0.9456418295791642
250,0,None,hstack,1.385251421999783,0.3041605550006352,0.10591189609600238,0.9456418295791639
250,0,bytes,hstack,1.4314554880002106,0.2938226290007151,0.10333696369833834,0.9456418295791633
250,0,None,vstack,1.3545413160009048,0.3009083310007554,0.10591189609600238,0.9456418295791638
250,0,bytes,vstack,1.412122421001186,0.31204514900127833,0.10333696369833834,0.9456418295791641
250,1,None,in_place,1.3051703270011785,0.17383171100118489,0.008727788869106242,0.07109229651513942
250,1,bytes,in_place,1.3528323329992418,0.2083434850010235,0.008841063792179447,0.11791047776874301
250,1,None,hstack,1.3258402869996644,0.21162379199995485,0.008764709963766467,0.13107482524656194
250,1,bytes,hstack,1.3737009470005432,0.19537938199937344,0.008841063792179447,0.1179104777687429
250,1,None,vstack,1.3146384070005297,0.2031450409995159,0.008764709963766467,0.13107482524656192
250,1,bytes,vstack,1.3533710560004693,0.200359213999036,0.008841063792179447,0.11791047776874303
250,2,None,in_place,1.3256317549985397,0.1775941050000256,0.009581997324476456,0.14303847732514918
250,2,bytes,in_place,1.3583744619991194,0.21186805099932826,0.009664630250620768,0.07320219289402038
250,2,None,hstack,1.3288341750012478,0.21705773800022143,0.009610127682312817,0.09948556787078337
250,2,bytes,hstack,1.3743360009993921,0.2052651470003184,0.009664630250620768,0.07320219289402041
250,2,None,vstack,1.3363838599998417,0.20435725999959686,0.009610127682312817,0.09948556787078337
250,2,bytes,vstack,1.3614410679983848,0.2016408630006481,0.009664630250620768,0.07320219289402041
250,3,None,in_place,1.3213811430014175,0.1807737230010389,0.011150767101672092,0.22562587482055374
250,3,bytes,in_place,1.3807120379988191,0.21154526400096074,0.010844598296292413,0.20387714800481166
250,3,None,hstack,1.3409751810013404,0.2257521129995439,0.011106059925825019,0.19099587692773173
250,3,bytes,hstack,1.358626806999382,0.1972045029997389,0.010844598296292413,0.20387714800481177
250,3,None,vstack,1.3202722289988742,0.2069279839997762,0.011106059925825019,0.1909958769277317
250,3,bytes,vstack,1.383580300000176,0.22389735699835,0.010844598296292413,0.20387714800481174
250,4,None,in_place,1.3132304299997486,0.18153664700002992,0.012771778971992399,0.2996115124453052
250,4,bytes,in_place,1.3579998679997516,0.2151520850002271,0.012055208338892951,0.29895285384092124
250,4,None,hstack,1.3868963350014383,0.21452995499930694,0.012699694930036724,0.2950091785350985
250,4,bytes,hstack,1.3752713899993978,0.20264562199918146,0.012055208338892951,0.29895285384092113
250,4,None,vstack,1.331756490000771,0.20723013099996024,0.012699694930036724,0.2950091785350985
250,4,bytes,vstack,1.5085673419998784,0.21284323500003666,0.012055208338892951,0.29895285384092135
300,-1,None,in_place,1.715961731999414,0.49578872399979446,0.2772491335630018,0.9957591781027672
300,-1,bytes,in_place,1.8801104290014337,0.46635546799916483,0.2101130206196151,0.9957591781027665
300,-1,None,hstack,1.6116771119995974,0.46164059399961843,0.21568358496294235,0.9957591781027683
300,-1,bytes,hstack,1.696043734998966,0.4242684230011946,0.2101130206196151,0.9957591781027675
300,-1,None,vstack,1.5494205770010012,0.43375486800141516,0.21568358496294235,0.9957591781027677
300,-1,bytes,vstack,1.6596748799984198,0.43574043099943083,0.2101130206196151,0.9957591781027674
300,0,None,in_place,1.3957515639995108,0.32820410799831734,0.14996604577901784,0.9957591781027678
300,0,bytes,in_place,1.4306448429997545,0.3650148930009891,0.14570781286153867,0.9957591781027676
300,0,None,hstack,1.6300429709990567,0.3610471240008337,0.15006902298181166,0.9957591781027679
300,0,bytes,hstack,1.4790922070005763,0.3407309289996192,0.14570781286153867,0.9957591781027679
300,0,None,vstack,1.5113617349998094,0.343267026999456,0.15006902298181166,0.995759178102767
300,0,bytes,vstack,1.7664185520006868,0.3635404010001366,0.14570781286153867,0.9957591781027684
300,1,None,in_place,1.4637967910002772,0.19249684200076445,0.010777537532521801,0.07113812925138918
300,1,bytes,in_place,1.502169273000618,0.21335225199982233,0.010947826662995487,0.1178926364915437
300,1,None,hstack,1.3821495709998999,0.21797421100018255,0.010820486561004103,0.13238762695149606
300,1,bytes,hstack,1.3850716749984713,0.199176209000143,0.010947826662995487,0.11789263649154359
300,1,None,vstack,1.3694732490002934,0.20515470999998797,0.010820486561004103,0.13238762695149597
300,1,bytes,vstack,1.3668767580002168,0.20361894199959352,0.010947826662995487,0.1178926364915436
300,2,None,in_place,1.3115784040001017,0.18471755700011272,0.012010249999136625,0.14305051984203773
300,2,bytes,in_place,1.5557303099994897,0.23827182199966046,0.012154920410866481,0.07321476519052321
300,2,None,hstack,1.4818845059999148,0.23037854100039112,0.012035115226152693,0.09953684352449126
300,2,bytes,hstack,1.4180261999990762,0.19902779099902546,0.012154920410866481,0.07321476519052328
300,2,None,vstack,1.378066213999773,0.20722036299957836,0.012035115226152693,0.09953684352449128
300,2,bytes,vstack,1.4247502319994965,0.21268328400037717,0.012154920410866481,0.0732147651905232
300,3,None,in_place,1.3559351470012189,0.1957935800000996,0.014233301759936907,0.22557507310671107
300,3,bytes,in_place,1.3789965129999473,0.2328569110013632,0.013768899691727697,0.203879290006105
300,3,None,hstack,1.330202408000332,0.2136188120002771,0.014091896479027343,0.1910981046707117
300,3,bytes,hstack,1.386895824000021,0.22396556499916187,0.013768899691727697,0.20387929000610505
300,3,None,vstack,1.3203165420000005,0.22508950799965532,0.014091896479027343,0.1910981046707117
300,3,bytes,vstack,1.403875046000394,0.20493460599936952,0.013768899691727697,0.2038792900061049
300,4,None,in_place,1.314243073000398,0.18472731499969086,0.01653722829951673,0.2998431374215376
300,4,bytes,in_place,1.3456799460000184,0.21790302699992026,0.015402218593601412,0.2989271291507075
300,4,None,hstack,1.317135180999685,0.21757378799884464,0.016283552751170972,0.2949305344710672
300,4,bytes,hstack,1.3861603710010968,0.2079624279995187,0.015402218593601412,0.2989271291507078
300,4,None,vstack,1.3465049269998417,0.21324284599904786,0.016283552751170972,0.2949305344710673
300,4,bytes,vstack,1.3559029860007286,0.21097867900061829,0.015402218593601412,0.2989271291507078
350,-1,None,in_place,1.7343996859999606,0.5231825560003927,0.3151093300799235,0.9978651360839931
350,-1,bytes,in_place,1.6319476419994317,0.48700330700012273,0.2487576020251346,0.9978651360839925
350,-1,None,hstack,1.561082943000656,0.477439215999766,0.25409508626067484,0.9978651360839926
350,-1,bytes,hstack,1.6041577649993997,0.4646197750007559,0.2487576020251346,0.9978651360839931
350,-1,None,vstack,1.5456814970002597,0.4721107490004215,0.25409508626067484,0.9978651360839932
350,-1,bytes,vstack,1.5913689720000548,0.4754506579993176,0.2487576020251346,0.9978651360839932
350,0,None,in_place,1.4717008610004996,0.3684639579987561,0.20253741478871934,0.9978651360839924
350,0,bytes,in_place,1.45512638999935,0.4083832889991754,0.1957733195486208,0.9978651360839932
350,0,None,hstack,1.4873068809993129,0.40702643700024055,0.20190523522912898,0.997865136083993
350,0,bytes,hstack,1.4864459029995487,0.382776336000461,0.1957733195486208,0.9978651360839934
350,0,None,vstack,1.428545947999737,0.4002024179990258,0.20190523522912898,0.9978651360839927
350,0,bytes,vstack,1.473415844999181,0.3900394009997399,0.1957733195486208,0.9978651360839927
350,1,None,in_place,1.356815271999949,0.17777192799985642,0.013199511109450638,0.07113835578622953
350,1,bytes,in_place,1.4303796750009496,0.21160498700010066,0.013447661051792823,0.11789854045946824
350,1,None,hstack,1.4243265060013073,0.20984209200105397,0.013277371921319139,0.1324291046398839
350,1,bytes,hstack,1.3924949709999055,0.21453062600085104,0.013447661051792823,0.11789854045946828
350,1,None,vstack,1.3411343210009363,0.20410105900009512,0.013277371921319139,0.13242910463988386
350,1,bytes,vstack,1.4098230979998334,0.20264100299937127,0.013447661051792823,0.11789854045946827
350,2,None,in_place,1.315953688999798,0.19332297499931883,0.014916969920924183,0.14305007224916186
350,2,bytes,in_place,1.367435486999966,0.21389599400026782,0.015114133589687963,0.07321305303933094
350,2,None,hstack,1.3277969549999398,0.21312946299985924,0.014942086311849505,0.09953339767073646
350,2,bytes,hstack,1.3663366820001102,0.2143321140010812,0.015114133589687963,0.07321305303933094
350,2,None,vstack,1.3457370640007866,0.21170877200165705,0.014942086311849505,0.0995333976707366
350,2,bytes,vstack,1.4726460479996604,0.20560023700090824,0.015114133589687963,0.07321305303933091
350,3,None,in_place,1.566746491000231,0.20891589100028796,0.01790456462149128,0.22557330943963888
350,3,bytes,in_place,1.5850449730005494,0.21914305900099862,0.017231947672511145,0.20388221283477329
350,3,None,hstack,1.3204606330000388,0.21791545099949872,0.017618740092761112,0.19109085558150718
350,3,bytes,hstack,1.4255004930000723,0.2015876229997957,0.017231947672511145,0.2038822128347732
350,3,None,vstack,1.3755504639993887,0.221472207998886,0.017618740092761112,0.19109085558150712
350,3,bytes,vstack,1.4882511670002714,0.23034067099979438,0.017231947672511145,0.20388221283477317
350,4,None,in_place,1.5096329849984613,0.1905885849992046,0.02100392726167606,0.29985197023068
350,4,bytes,in_place,1.5037139370015211,0.21816224500071257,0.019359054819976698,0.29892829249536235
350,4,None,hstack,1.5778905020015372,0.231689064999955,0.020454129464320753,0.2949332720778256
350,4,bytes,hstack,1.4152060280011938,0.21177572699889424,0.019359054819976698,0.2989282924953624
350,4,None,vstack,1.4435858939996251,0.23136659000010695,0.020454129464320753,0.29493327207782555
350,4,bytes,vstack,1.426201760999902,0.21548023200011812,0.019359054819976698,0.29892829249536235
400,-1,None,in_place,1.8779740119989583,0.5720887110001058,0.35869832420300196,0.9984970173891958
400,-1,bytes,in_place,1.7080632020006306,0.5328299829998286,0.2927931655788653,0.9984970173891953
400,-1,None,hstack,1.5823000820000743,0.5216504750005697,0.29798522591094795,0.9984970173891962
400,-1,bytes,hstack,1.7342640309998387,0.5149586649986304,0.2927931655788653,0.9984970173891955
400,-1,None,vstack,1.89409746399906,0.5456298970002535,0.29798522591094795,0.9984970173891954
400,-1,bytes,vstack,1.9258095049990516,0.5267161190004117,0.2927931655788653,0.9984970173891964
400,0,None,in_place,1.718189170000187,0.45818818399857264,0.2632171082808427,0.9984970173891962
400,0,bytes,in_place,1.8160471169994707,0.47789330999876256,0.25314041224160333,0.9984970173891958
400,0,None,hstack,1.5166550570011168,0.5297348240001156,0.26098426112758155,0.9984970173891968
400,0,bytes,hstack,1.6409621290003997,0.5254081699986273,0.25314041224160333,0.9984970173891964
400,0,None,vstack,1.5528519990002678,0.45723123400057375,0.26098426112758155,0.9984970173891962
400,0,bytes,vstack,1.4915342790009163,0.44853349199911463,0.25314041224160333,0.9984970173891964
400,1,None,in_place,1.5786272479999752,0.18143014700035565,0.01599797938635006,0.07113787749785415
400,1,bytes,in_place,1.6007345100006205,0.23189509300027566,0.01632147850146821,0.1179132193758498
400,1,None,hstack,1.545230810999783,0.2133426039999904,0.016113765948515792,0.13244557902233783
400,1,bytes,hstack,1.5891435880002973,0.20049359599943273,0.01632147850146821,0.11791321937584973
400,1,None,vstack,1.4361097080000036,0.20780090500011283,0.016113765948515792,0.13244557902233794
400,1,bytes,vstack,1.421787470999334,0.23958715399930952,0.01632147850146821,0.11791321937584973
400,2,None,in_place,1.386806806000095,0.19877930300026492,0.018291608205650497,0.1430495213850494
400,2,bytes,in_place,1.3512887010001577,0.22019893399919965,0.018521423182617198,0.07321471786890105
400,2,None,hstack,1.4770874779987935,0.2459270840008685,0.01830265941765764,0.09953784944743327
400,2,bytes,hstack,1.7315199219992792,0.24425645299925236,0.018521423182617198,0.07321471786890117
400,2,None,vstack,1.5958529119998275,0.27447506499993324,0.01830265941765764,0.09953784944743332
400,2,bytes,vstack,1.8234299159994407,0.30109230600101,0.018521423182617198,0.07321471786890117
400,3,None,in_place,1.5331329760010703,0.19230170599985286,0.022146471884868974,0.22557233463890725
400,3,bytes,in_place,1.518536514000516,0.24210869400121737,0.021210132831172956,0.2038813614040161
400,3,None,hstack,1.3274596610008302,0.24244459700094012,0.021655697606188178,0.19109141190806678
400,3,bytes,hstack,1.464135668000381,0.20852187000127742,0.021210132831172956,0.20388136140401605
400,3,None,vstack,1.6547706100009236,0.22216493000087212,0.021655697606188178,0.19109141190806664
400,3,bytes,vstack,1.4743364160003694,0.2182732430010219,0.021210132831172956,0.20388136140401608
400,4,None,in_place,1.5153119810001954,0.2096454820002691,0.026150778090093123,0.2998531189938876
400,4,bytes,in_place,1.768672420999792,0.3022574269998586,0.023893065709815895,0.29892484730183083
400,4,None,hstack,1.663858555999468,0.27997390299969993,0.02518530402292373,0.2949337020096622
400,4,bytes,hstack,1.506028468000295,0.23023627399925317,0.023893065709815895,0.2989248473018306
400,4,None,vstack,1.3289786369987269,0.22445301200059475,0.02518530402292373,0.29493370200966207
400,4,bytes,vstack,1.5304765309992945,0.2175698810005997,0.023893065709815895,0.29892484730183083
450,-1,None,in_place,1.8504956719989423,0.5985902350003016,0.4078588873250447,0.9988604542729621
450,-1,bytes,in_place,1.8367338690004544,0.5814197439995041,0.34240632606538235,0.9988604542729617
450,-1,None,hstack,1.7971710990004794,0.665849105000234,0.34751550230741146,0.9988604542729626
450,-1,bytes,hstack,1.6646358670004702,0.566334402999928,0.34240632606538235,0.9988604542729619
450,-1,None,vstack,1.6392172490013763,0.6460400430005393,0.34751550230741146,0.9988604542729621
450,-1,bytes,vstack,2.0821584170007554,0.6840144260004308,0.34240632606538235,0.9988604542729623
450,0,None,in_place,1.414568259000589,0.4920586810003442,0.3319383166555265,0.9988604542729613
450,0,bytes,in_place,1.5005297000006976,0.5235473920001823,0.3180838642572094,0.9988604542729621
450,0,None,hstack,1.5953001529996982,0.5292625060010323,0.3276150322855508,0.9988604542729626
450,0,bytes,hstack,1.4969143940015783,0.5137976620007976,0.3180838642572094,0.9988604542729622
450,0,None,vstack,1.4391761229999247,0.5245916849999048,0.3276150322855508,0.9988604542729624
450,0,bytes,vstack,1.5164968090011826,0.515183616998911,0.3180838642572094,0.9988604542729626
450,1,None,in_place,1.2639842850003333,0.22561956500067026,0.019171686543673794,0.07113947515381704
450,1,bytes,in_place,1.3025997029999417,0.2188548570011335,0.019589372124761903,0.11791843612611472
450,1,None,hstack,1.427602443998694,0.21660227099891927,0.019349510591425076,0.13244278773492893
450,1,bytes,hstack,1.344527057999585,0.20537702799992985,0.019589372124761903,0.11791843612611473
450,1,None,vstack,1.3119127820009453,0.21529939200081571,0.019349510591425076,0.1324427877349289
450,1,bytes,vstack,1.4642973019999772,0.2175915609986987,0.019589372124761903,0.11791843612611465
450,2,None,in_place,1.3110689159984759,0.20126802199956728,0.02212512295258245,0.1430471933946171
450,2,bytes,in_place,1.3213690699994913,0.2250662239985104,0.022396379974575935,0.07321389333867623
450,2,None,hstack,1.2909716819995083,0.22610042900123517,0.02213918813150063,0.09953790006007815
450,2,bytes,hstack,1.5457666879992757,0.2086909680001554,0.022396379974575935,0.0732138933386762
450,2,None,vstack,1.3252402689995506,0.2187854360017809,0.02213918813150063,0.09953790006007811
450,2,bytes,vstack,1.4051622760016471,0.2170860009991884,0.022396379974575935,0.07321389333867617
450,3,None,in_place,1.3530064209990087,0.1950752900011139,0.026964549156073568,0.22557310003614645
450,3,bytes,in_place,1.4216167309987213,0.2739899830012291,0.025730078542093974,0.20388047485272076
450,3,None,hstack,1.3322073870003805,0.2263562500011176,0.026228890065870876,0.1910912865214261
450,3,bytes,hstack,1.5652085299989267,0.223830700999315,0.025730078542093974,0.20388047485272062
450,3,None,vstack,1.3849721670012514,0.22716086199943675,0.026228890065870876,0.191091286521426
450,3,bytes,vstack,1.4057108069991955,0.21582964900153456,0.025730078542093974,0.20388047485272062
450,4,None,in_place,1.4819615819997125,0.20556298699921172,0.031985566865954766,0.29985510795006787
450,4,bytes,in_place,1.5598940179988858,0.23658271599924774,0.029032130457046106,0.2989258330643303
450,4,None,hstack,1.3733352890012611,0.24532827799885126,0.03051123471863834,0.294936465222051
450,4,bytes,hstack,1.7673848189988348,0.2622558630009735,0.029032130457046106,0.2989258330643303
450,4,None,vstack,1.5925915410007292,0.22850558000027377,0.03051123471863834,0.29493646522205086
450,4,bytes,vstack,1.589540274000683,0.22827557799973874,0.029032130457046106,0.2989258330643301
500,-1,None,in_place,1.645735052999953,0.6528942389995791,0.4627545271509756,0.9991315761213942
500,-1,bytes,in_place,1.7696885810000822,0.6402997219993267,0.3974817992503385,0.9991315761213934
500,-1,None,hstack,1.6766072940008598,0.6340115789989795,0.4024126491167978,0.999131576121394
500,-1,bytes,hstack,1.8842043160002504,0.6243978239999706,0.3974817992503385,0.9991315761213945
500,-1,None,vstack,2.1014960230004363,0.6863588739997795,0.4024126491167978,0.9991315761213947
500,-1,bytes,vstack,1.7966348809986812,0.6554231840000284,0.3974817992503385,0.999131576121395
500,0,None,in_place,1.4380348780014174,0.5602023849987745,0.40879798918174254,0.9991315761213942
500,0,bytes,in_place,1.497780421999778,0.6176795339997625,0.3903138324441608,0.9991315761213938
500,0,None,hstack,1.5538591820004513,0.6392417420011043,0.4015391010404151,0.9991315761213944
500,0,bytes,hstack,1.5611561210007494,0.5807410180004808,0.3903138324441608,0.999131576121394
500,0,None,vstack,1.5398233639989485,0.6027309100009006,0.4015391010404151,0.9991315761213939
500,0,bytes,vstack,1.5402095600002212,0.6045405330005451,0.3903138324441608,0.9991315761213945
500,1,None,in_place,1.2753176010010066,0.1832173260008858,0.022715106975418273,0.07113694453206533
500,1,bytes,in_place,1.3225577360008174,0.2202083810007025,0.023232002300661407,0.1179238307515115
500,1,None,hstack,1.28915692100054,0.2166490489998978,0.02295948945912166,0.13244608727986004
500,1,bytes,hstack,1.3900348860006488,0.2033757549997972,0.023232002300661407,0.11792383075151158
500,1,None,vstack,1.2903801499996916,0.20998032200077432,0.02295948945912166,0.13244608727986001
500,1,bytes,vstack,1.3807135110000672,0.21220698799879756,0.023232002300661407,0.1179238307515116
500,2,None,in_place,1.2682263200003945,0.1925438309990568,0.026421281620358845,0.14304353421455632
500,2,bytes,in_place,1.3087078370008385,0.22475432799910777,0.026707357312998267,0.07321400222981811
500,2,None,hstack,1.2933799999991606,0.22069472499970288,0.026410732736170207,0.09954070020765493
500,2,bytes,hstack,1.421040967999943,0.21000136100155942,0.026707357312998267,0.0732140022298181
500,2,None,vstack,1.2944647089989303,0.2171554209999158,0.026410732736170207,0.09954070020765501
500,2,bytes,vstack,1.3485970299989276,0.21334499800104822,0.026707357312998267,0.0732140022298181
500,3,None,in_place,1.2892102400001022,0.20227752100072394,0.03237060113883995,0.22557215027052135
500,3,bytes,in_place,1.3267165039997053,0.22959877499852155,0.030754863710613967,0.2038816312359807
500,3,None,hstack,1.3007215629986604,0.2299989879993518,0.03130968478615434,0.19109613868128403
500,3,bytes,hstack,1.4766842299995915,0.21889235700109566,0.030754863710613967,0.20388163123598055
500,3,None,vstack,1.5626233389994013,0.23308334599823866,0.03130968478615434,0.19109613868128406
500,3,bytes,vstack,1.3979271030002565,0.22927843300021777,0.030754863710613967,0.20388163123598083
500,4,None,in_place,1.3109936250002647,0.2101741669994226,0.038545214683921206,0.2998531134026036
500,4,bytes,in_place,1.588867839998784,0.23353760999998485,0.034735058180549803,0.2989239683663602
500,4,None,hstack,1.3562608789998194,0.23642018000100506,0.03639776325980615,0.2949391446569107
500,4,bytes,hstack,1.3754926450001221,0.21878199000093446,0.034735058180549803,0.29892396836636054
500,4,None,vstack,1.323999455999001,0.2342603990000498,0.03639776325980615,0.2949391446569107
500,4,bytes,vstack,1.3445525469996937,0.2268853150017094,0.034735058180549803,0.29892396836636065
550,-1,None,in_place,1.6130300959994202,0.724185971001134,0.5236906589944464,0.9994111989479388
550,-1,bytes,in_place,1.8833416339984979,0.7113015470004029,0.45748837346566323,0.9994111989479394
550,-1,None,hstack,1.8246165469990956,0.6954480130007141,0.4624913073740782,0.9994111989479392
550,-1,bytes,hstack,1.9607658439999796,0.7571041989995138,0.45748837346566323,0.9994111989479396
550,-1,None,vstack,1.85933087200101,0.7401091569990967,0.4624913073740782,0.9994111989479385
550,-1,bytes,vstack,2.1722784570010845,0.7139471209993644,0.45748837346566323,0.9994111989479391
550,0,None,in_place,1.821504396999444,0.9413751360007154,0.4923037099107081,0.9994111989479394
550,0,bytes,in_place,1.6033484939998743,0.7012409529997967,0.46849085967440995,0.9994111989479388
550,0,None,hstack,1.8153062439996575,0.6862582350004232,0.4816340158817219,0.9994111989479396
550,0,bytes,hstack,1.8768362530008744,0.6687746549996518,0.46849085967440995,0.9994111989479398
550,0,None,vstack,1.7650789950002945,0.7455180859997199,0.4816340158817219,0.9994111989479393
550,0,bytes,vstack,1.5783991780008364,0.6761531570009538,0.46849085967440995,0.9994111989479396
550,1,None,in_place,1.3534004110006208,0.1865585479990841,0.026566454359907208,0.07113870360852244
550,1,bytes,in_place,1.3035957859992777,0.2188555169996107,0.02717527567593702,0.11792909308387903
550,1,None,hstack,1.2786565690003044,0.2171942240001954,0.026886437180295816,0.13244645051117987
550,1,bytes,hstack,1.3280394410012377,0.20521038500010036,0.02717527567593702,0.11792909308387904
550,1,None,vstack,1.2859396710009605,0.21521064499938802,0.026886437180295816,0.13244645051117995
550,1,bytes,vstack,1.3625174109984073,0.21193809299984423,0.02717527567593702,0.11792909308387889
550,2,None,in_place,1.2816021180005919,0.1963891599989438,0.03110649318356848,0.14304492130167348
550,2,bytes,in_place,1.310844053999972,0.23187444399991364,0.0313845316311118,0.07321396809954375
550,2,None,hstack,1.2897863540001708,0.22763471300095262,0.03106203717163066,0.0995436621254523
550,2,bytes,hstack,1.3530008699999598,0.2142974980015424,0.0313845316311118,0.07321396809954377
550,2,None,vstack,1.3458467990003555,0.2282280979998177,0.03106203717163066,0.09954366212545228
550,2,bytes,vstack,1.438432393999392,0.22133229400060372,0.0313845316311118,0.07321396809954382
550,3,None,in_place,1.318993283999589,0.20693136000045342,0.03826089713864656,0.2255722485148435
550,3,bytes,in_place,1.5609971719986788,0.24012102799861168,0.03618829255948896,0.2038817890542344
550,3,None,hstack,1.4260090480001963,0.2421425979991909,0.03680439762888711,0.1910949655162289
550,3,bytes,hstack,1.6479674499987595,0.22729235900078493,0.03618829255948896,0.2038817890542342
550,3,None,vstack,1.350565822000135,0.2302307230002043,0.03680439762888711,0.19109496551622882
550,3,bytes,vstack,1.3676962079989607,0.2248685429985926,0.03618829255948896,0.20388178905423426
550,4,None,in_place,1.3680299549996562,0.21679547399980947,0.04568454880444409,0.29985356889415343
550,4,bytes,in_place,1.367276730001322,0.2381056689991965,0.040894853054985116,0.29892203919465477
550,4,None,hstack,1.4217809100009617,0.23963384200033033,0.04274216360754258,0.2949396009174432
550,4,bytes,hstack,1.4631031770004483,0.22675683200031926,0.040894853054985116,0.29892203919465443
550,4,None,vstack,1.3252942609997262,0.23838441299994884,0.04274216360754258,0.29493960091744315
550,4,bytes,vstack,1.3776549009999144,0.23100831599913363,0.040894853054985116,0.29892203919465454
600,-1,None,in_place,1.7059042239998234,0.789004993999697,0.5788505232529116,0.999554905695358
600,-1,bytes,in_place,1.8697781039991241,0.7737515459994029,0.5102626829140413,0.9995549056953584
600,-1,None,hstack,1.7326046219986893,0.7705931680011417,0.5156137300006813,0.9995549056953582
600,-1,bytes,hstack,1.734899986999153,0.7373859970011836,0.5102626829140413,0.9995549056953583
600,-1,None,vstack,1.6241498619983759,0.7354728610007442,0.5156137300006813,0.9995549056953582
600,-1,bytes,vstack,1.7292079950002517,0.7407724439999583,0.5102626829140413,0.999554905695358
600,0,None,in_place,1.5347859739995329,0.728062719999798,0.5649051495194449,0.9995549056953585
600,0,bytes,in_place,1.5959278629998153,0.7455994989995816,0.536720289114776,0.9995549056953585
600,0,None,hstack,1.5421418030000495,0.7577021320012136,0.5499990738330847,0.9995549056953579
600,0,bytes,hstack,1.6480639809997228,0.7424925079994864,0.536720289114776,0.9995549056953579
600,0,None,vstack,1.6262163870014774,0.7391259980013274,0.5499990738330847,0.9995549056953579
600,0,bytes,vstack,1.607762833000379,0.7518541680001363,0.536720289114776,0.9995549056953577
600,1,None,in_place,1.2468057290006982,0.18954160599969327,0.0299315484160819,0.07113906815981635
600,1,bytes,in_place,1.2806691929999943,0.22557762500036915,0.030581058285410734,0.1179295030484932
600,1,None,hstack,1.2688599819994124,0.22327188099916384,0.030305280313050697,0.13244306505378933
600,1,bytes,hstack,1.3259770140011824,0.2099297970016778,0.030581058285410734,0.11792950304849316
600,1,None,vstack,1.3048607950004225,0.21694154900069407,0.030305280313050697,0.13244306505378933
600,1,bytes,vstack,1.3177381839996087,0.21632742499969027,0.030581058285410734,0.11792950304849319
600,2,None,in_place,1.4699500589995296,0.2138954019992525,0.035196446281847975,0.14304555563396135
600,2,bytes,in_place,1.5302897910005413,0.2572337210003752,0.035453638124923276,0.07321414770594639
600,2,None,hstack,1.287663392999093,0.23143726200032688,0.03514395302481405,0.09954244969243281
600,2,bytes,hstack,1.3469737890009128,0.21755097599998408,0.035453638124923276,0.0732141477059464
600,2,None,vstack,1.2906980579991796,0.22911013699922478,0.03514395302481405,0.09954244969243276
600,2,bytes,vstack,1.33890314600103,0.22215417900042667,0.035453638124923276,0.07321414770594645
600,3,None,in_place,1.285358630000701,0.21165992900023411,0.043325617368737815,0.2255720623288627
600,3,bytes,in_place,1.3086421440002596,0.23728818199924717,0.04091670431509015,0.20388097367642033
600,3,None,hstack,1.3065452610007924,0.23976259399933042,0.04151748838602386,0.19109766986105423
600,3,bytes,hstack,1.387264917999346,0.22390446999997948,0.04091670431509015,0.20388097367642036
600,3,None,vstack,1.2867802620003204,0.23467080099908344,0.04151748838602386,0.19109766986105425
600,3,bytes,vstack,1.4311114819993236,0.24739104500076792,0.04091670431509015,0.2038809736764202
600,4,None,in_place,1.3832989820002695,0.22014086400122324,0.05183128315559824,0.2998527422479001
600,4,bytes,in_place,1.3177349280013004,0.24265652500071155,0.046261221140089494,0.2989221711142869
600,4,None,hstack,1.3400494210000033,0.24976859600064927,0.04805880123861482,0.2949406898368054
600,4,bytes,hstack,1.339188521998949,0.2298232069988444,0.046261221140089494,0.29892217111428687
600,4,None,vstack,1.3036243799997465,0.24388003499916522,0.04805880123861482,0.2949406898368049
600,4,bytes,vstack,1.3235078420002537,0.2342208460013353,0.046261221140089494,0.29892217111428687
650,-1,None,in_place,1.6290494130007573,0.8572589739997056,0.6300116069121564,0.9996218060713857
650,-1,bytes,in_place,1.7745785639999667,0.810306612000204,0.559434046084182,0.9996218060713855
650,-1,None,hstack,1.6848398719994293,0.7976118839997071,0.5646675484612914,0.9996218060713864
650,-1,bytes,hstack,1.7572016039994196,0.8187553259995184,0.559434046084182,0.9996218060713864
650,-1,None,vstack,1.6488043729987112,0.7973778339983255,0.5646675484612914,0.999621806071386
650,-1,bytes,vstack,1.8012146509990998,0.8208034759991278,0.559434046084182,0.9996218060713854
650,0,None,in_place,1.6093007340004988,0.8008953670014307,0.6321459978129903,0.9996218060713857
650,0,bytes,in_place,1.6447219179990498,0.8107999690000725,0.6002637535002046,0.999621806071387
650,0,None,hstack,1.8977384499994514,0.8465520139998262,0.6128611305327092,0.999621806071386
650,0,bytes,hstack,1.8971034360001795,0.8033181430000695,0.6002637535002046,0.9996218060713862
650,0,None,vstack,1.8647787039990362,0.8578096790006384,0.6128611305327092,0.9996218060713865
650,0,bytes,vstack,1.7922071259999939,0.8578312199988432,0.6002637535002046,0.9996218060713863
650,1,None,in_place,1.4989916889990127,0.19385369299925514,0.033040455284818304,0.07113865252165573
650,1,bytes,in_place,1.546636043000035,0.23069722000036563,0.03372261646235006,0.11792890806750154
650,1,None,hstack,1.5921310850008012,0.284415011999954,0.033480745617739206,0.13244727967965259
650,1,bytes,hstack,1.5441169060013635,0.20838530299988633,0.03372261646235006,0.11792890806750152
650,1,None,vstack,1.3206817180016515,0.22863061600037327,0.033480745617739206,0.13244727967965256
650,1,bytes,vstack,1.4400728389991855,0.21816486900024756,0.03372261646235006,0.11792890806750145
650,2,None,in_place,1.3545385399993393,0.20133334599995578,0.03906562630389389,0.14304784765727732
650,2,bytes,in_place,1.3232986180009902,0.23465460099941993,0.039233152631365786,0.07321404171426421
650,2,None,hstack,1.3293116330005432,0.23033393699915905,0.03896390492064633,0.09954204284882752
650,2,bytes,hstack,1.352449934998731,0.21803297100086638,0.039233152631365786,0.07321404171426421
650,2,None,vstack,1.327815519998694,0.2249535819992161,0.03896390492064633,0.0995420428488276
650,2,bytes,vstack,1.3557299000003695,0.22311826199984353,0.039233152631365786,0.07321404171426427
650,3,None,in_place,1.3291164160000335,0.21992021900041436,0.048093713022001015,0.225572061492615
650,3,bytes,in_place,1.3833326250005484,0.2439855840002565,0.045309812251838284,0.2038812891328653
650,3,None,hstack,1.415939256999991,0.24113239899998007,0.04589276368521502,0.19109843599590642
650,3,bytes,hstack,1.3404808519990183,0.22895664800125815,0.045309812251838284,0.20388128913286524
650,3,None,vstack,1.3408850020005048,0.2365486119997513,0.04589276368521502,0.19109843599590612
650,3,bytes,vstack,1.3363858530010475,0.23069283299992094,0.045309812251838284,0.20388128913286543
650,4,None,in_place,1.3461282490006852,0.23224357799881545,0.057595746036868976,0.29985259378343526
650,4,bytes,in_place,1.470092396999462,0.2588702070006548,0.05125410849213433,0.2989209724602585
650,4,None,hstack,1.3616176699997595,0.24653887399836094,0.05295725096078044,0.2949407842487963
650,4,bytes,hstack,1.3479870129995106,0.23297515300146188,0.05125410849213433,0.29892097246025817
650,4,None,vstack,1.3074184830002196,0.24590506200001983,0.05295725096078044,0.2949407842487963
650,4,bytes,vstack,1.3351291199996922,0.23915708599997743,0.05125410849213433,0.29892097246025845
700,-1,None,in_place,1.6278842920000898,0.879296835999412,0.6782270402436792,0.9996751909402168
700,-1,bytes,in_place,1.724502618999395,0.8507883689999289,0.6063198176801182,0.9996751909402183
700,-1,None,hstack,1.6731936960004532,0.8598841189996165,0.6109542941336588,0.9996751909402172
700,-1,bytes,hstack,1.7455629229989427,0.8617075069996645,0.6063198176801182,0.999675190940217
700,-1,None,vstack,1.6773061169988068,0.8443907909986592,0.6109542941336588,0.9996751909402176
700,-1,bytes,vstack,1.7485293009995075,0.8730529969998315,0.6063198176801182,0.9996751909402175
700,0,None,in_place,1.5513797010007693,0.8455585170013364,0.6965778289454475,0.9996751909402175
700,0,bytes,in_place,1.9132462249999662,0.9068275549998361,0.6613232068231187,0.9996751909402176
700,0,None,hstack,1.6971480419997533,0.9551594810000097,0.6726429130492523,0.999675190940217
700,0,bytes,hstack,1.872134172999722,0.885093192999193,0.6613232068231187,0.999675190940217
700,0,None,vstack,1.655731757000467,0.8974058219992003,0.6726429130492523,0.9996751909402172
700,0,bytes,vstack,2.288528511999175,1.4868894560004264,0.6613232068231187,0.9996751909402172
700,1,None,in_place,2.061105366999982,0.1995757609984139,0.03600695221700813,0.07113967322806386
700,1,bytes,in_place,1.304907682000703,0.22856577400125389,0.03672729030874638,0.11792816630564952
700,1,None,hstack,1.270993432999603,0.2254719770007796,0.03650501024905727,0.1324484837313441
700,1,bytes,hstack,1.310290351999356,0.20957445899875893,0.03672729030874638,0.11792816630564945
700,1,None,vstack,1.2748232329995517,0.22199225499934983,0.03650501024905727,0.13244848373134413
700,1,bytes,vstack,1.305643034998866,0.22029516500151658,0.03672729030874638,0.11792816630564938
700,2,None,in_place,1.357908887001031,0.20790589199896203,0.04280269410967261,0.1430479133318003
700,2,bytes,in_place,1.3195032929997978,0.23723381899981177,0.04285920598925458,0.07321518691902502
700,2,None,hstack,1.2854756289998477,0.23802198100020178,0.042614321177732686,0.09954120651821752
700,2,bytes,hstack,1.3287198300004093,0.22339141500015103,0.04285920598925458,0.07321518691902507
700,2,None,vstack,1.3206247210000583,0.24005530400063435,0.042614321177732686,0.0995412065182176
700,2,bytes,vstack,1.45886330599933,0.23004554599901894,0.04285920598925458,0.07321518691902507
700,3,None,in_place,1.365856858999905,0.24131151599976874,0.05267117526814102,0.22557067582295565
700,3,bytes,in_place,1.6822903080010292,0.24731819900080154,0.0495258496325629,0.20388133014501203
700,3,None,hstack,1.3052655449992017,0.26229223100017407,0.050067861348731355,0.19110029874116555
700,3,bytes,hstack,1.3615679559989076,0.2311235930010298,0.0495258496325629,0.2038813301450121
700,3,None,vstack,1.3335061590005353,0.24071693799851346,0.050067861348731355,0.19110029874116571
700,3,bytes,vstack,1.32998799500092,0.24004781999974512,0.0495258496325629,0.20388133014501214
700,4,None,in_place,1.2820577430011326,0.2288805450007203,0.06310402173070143,0.29985422944057094
700,4,bytes,in_place,1.3190668030001689,0.2533279470007983,0.05604732053632285,0.2989215354223071
700,4,None,hstack,1.3021857160001673,0.25500494000152685,0.05762965316461816,0.2949417372766763
700,4,bytes,hstack,1.3518422019988066,0.24051641100049892,0.05604732053632285,0.29892153542230737
700,4,None,vstack,1.3034588689988595,0.2519221340007789,0.05762965316461816,0.2949417372766764
700,4,bytes,vstack,1.4162033740012703,0.2643353220009885,0.05604732053632285,0.29892153542230754
750,-1,None,in_place,1.6786103499998717,0.9112627030008298,0.7244575252003739,0.9997234555302934
750,-1,bytes,in_place,1.7407291260005877,0.8984598730003199,0.6516797685273412,0.999723455530294
750,-1,None,hstack,1.7081100610012072,0.9129457569997612,0.6558563731743131,0.9997234555302928
750,-1,bytes,hstack,1.7641778600009275,0.9055297350005276,0.6516797685273412,0.999723455530293
750,-1,None,vstack,1.6886551640000107,0.9138939399999799,0.6558563731743131,0.9997234555302925
750,-1,bytes,vstack,1.7655957959996158,0.9170417879995512,0.6516797685273412,0.9997234555302931
750,0,None,in_place,1.6259860440004559,0.9199451770000451,0.7592776337596945,0.9997234555302925
750,0,bytes,in_place,1.9736402189992077,0.964358324999921,0.7207076480352232,0.9997234555302934
750,0,None,hstack,1.720910736001315,0.944082925998373,0.730933535436559,0.999723455530293
750,0,bytes,hstack,1.7088793769999029,0.9371974919995409,0.7207076480352232,0.9997234555302933
750,0,None,vstack,1.6413585450009123,0.9414701540008537,0.730933535436559,0.999723455530293
750,0,bytes,vstack,1.6823439190011413,0.9403670310002781,0.7207076480352232,0.9997234555302927
750,1,None,in_place,1.267373957000018,0.19587946199862927,0.03888629527268709,0.07113890516887099
750,1,bytes,in_place,1.3228152400006365,0.23111016700022446,0.039653349851546435,0.11792881262709783
750,1,None,hstack,1.2945326969984308,0.22735255299994606,0.039463721100060245,0.13245188720058962
750,1,bytes,hstack,1.3395010590011225,0.217837543999849,0.039653349851546435,0.1179288126270979
750,1,None,vstack,1.3033821239987446,0.2253423930014833,0.039463721100060245,0.1324518872005896
750,1,bytes,vstack,1.3374242350000713,0.22475091099840938,0.039653349851546435,0.11792881262709788
750,2,None,in_place,1.2865770300013537,0.20903755899962562,0.0464598917923088,0.143046974691895
750,2,bytes,in_place,1.2954072920001636,0.2398423639988323,0.046399110126269516,0.07321515981722364
750,2,None,hstack,1.2970019900003535,0.24070938400109299,0.04619240222895411,0.09954085809745052
750,2,bytes,hstack,1.3283148990012705,0.22605852000015147,0.046399110126269516,0.07321515981722361
750,2,None,vstack,1.2768595609995828,0.23512116800156946,0.04619240222895411,0.09954085809745039
750,2,bytes,vstack,1.3037126760009414,0.24558480999985477,0.046399110126269516,0.07321515981722365
750,3,None,in_place,1.278686765999737,0.2235548420012492,0.0571182834453786,0.22557095600901653
750,3,bytes,in_place,1.3031117959999392,0.26557167600003595,0.053640919121767716,0.20388119258238296
750,3,None,hstack,1.2930080509995605,0.2487654799988377,0.05415605629964608,0.1911024514608637
750,3,bytes,hstack,1.3199499719994492,0.23606985100013844,0.053640919121767716,0.20388119258238308
750,3,None,vstack,1.277606093999566,0.24423201700119535,0.05415605629964608,0.19110245146086374
750,3,bytes,vstack,1.319932409998728,0.24019025800043892,0.053640919121767716,0.203881192582383
750,4,None,in_place,1.391133239998453,0.23440021299938962,0.06844477109706198,0.29985307948859524
750,4,bytes,in_place,1.423275219000061,0.2615660250012297,0.06072524834616415,0.298922081997726
750,4,None,hstack,1.4503156060000038,0.2563715200012666,0.06220234329648235,0.2949409807350984
750,4,bytes,hstack,1.4108266940002068,0.24231403100020543,0.06072524834616415,0.2989220819977262
750,4,None,vstack,1.3529621269990457,0.26003612900058215,0.06220234329648235,0.2949409807350986
750,4,bytes,vstack,1.328444472999763,0.24699239599976863,0.06072524834616415,0.2989220819977262
800,-1,None,in_place,1.6618588059991453,0.9563740949997737,0.7701269099837967,0.9997577067462612
800,-1,bytes,in_place,1.7407302479987266,0.9531059799992363,0.6964153258961607,0.9997577067462606
800,-1,None,hstack,1.7549546099999134,0.9665669370006071,0.6998193503582696,0.9997577067462607
800,-1,bytes,hstack,1.7955212380002195,0.9436646600006497,0.6964153258961607,0.9997577067462613
800,-1,None,vstack,1.6981330739999976,0.9839152130007278,0.6998193503582696,0.9997577067462611
800,-1,bytes,vstack,1.953574273000413,1.0025795729998208,0.6964153258961607,0.9997577067462612
800,0,None,in_place,1.7015755159991386,0.9693251829994551,0.8207105678156683,0.9997577067462601
800,0,bytes,in_place,1.714967682999486,1.0225722899995162,0.7789146328407486,0.9997577067462611
800,0,None,hstack,1.7220306510007504,1.0500805869996839,0.7876722160285899,0.999757706746261
800,0,bytes,hstack,1.9271629389986629,1.0533969110001635,0.7789146328407486,0.9997577067462606
800,0,None,vstack,1.7512987669997528,0.9910561879987654,0.7876722160285899,0.9997577067462609
800,0,bytes,vstack,1.8936167409992777,0.9930153420009447,0.7789146328407486,0.9997577067462606
800,1,None,in_place,1.238298924999981,0.1989853109989781,0.041707368301419294,0.0711392889624681
800,1,bytes,in_place,1.3719833579998522,0.23548445099913806,0.042520134711762726,0.11792873550639758
800,1,None,hstack,1.2806338459995459,0.231448583999736,0.04235260838429083,0.132453235392213
800,1,bytes,hstack,1.3642179090002173,0.2182090820006124,0.042520134711762726,0.11792873550639763
800,1,None,vstack,1.3062984370008053,0.23926997700073116,0.04235260838429083,0.13245323539221304
800,1,bytes,vstack,1.3586058069995488,0.224448533001123,0.042520134711762726,0.11792873550639764
800,2,None,in_place,2.915477684000507,0.4681562240002677,0.05002742395934159,0.1430482632420608
800,2,bytes,in_place,2.690635590999591,0.3689807999999175,0.049866679057419525,0.07321536748970495
800,2,None,hstack,1.615051647000655,0.3976779519998672,0.04969161781267003,0.09954215108493898
800,2,bytes,hstack,1.5633195780010283,0.2448556790004659,0.049866679057419525,0.07321536748970489
800,2,None,vstack,1.4002155760008463,0.27235563000067486,0.04969161781267003,0.09954215108493893
800,2,bytes,vstack,1.5055735129990353,0.23336795199975313,0.049866679057419525,0.07321536748970492
800,3,None,in_place,1.3853037909993873,0.26879554700099106,0.061437046864987785,0.2255706668784611
800,3,bytes,in_place,2.605398702000457,0.5060790300012741,0.05766858357055241,0.20388074843165246
800,3,None,hstack,2.1008472930006974,0.4224495529997512,0.058150064784590845,0.19110248463964552
800,3,bytes,hstack,1.5671937919996708,0.31182991300011054,0.05766858357055241,0.20388074843165238
800,3,None,vstack,1.4971605760001694,0.26855008599886787,0.058150064784590845,0.1911024846396458
800,3,bytes,vstack,1.3083636900009878,0.24502660100006324,0.05766858357055241,0.20388074843165255
800,4,None,in_place,1.273170996000772,0.2408323060008115,0.07365165009979056,0.29985221360508035
800,4,bytes,in_place,1.4261191059995326,0.2598859360005008,0.06531024550958174,0.2989219245550526
800,4,None,hstack,1.3275988030000008,0.2612035339989234,0.06666502363609364,0.29494193695157006
800,4,bytes,hstack,1.339792437000142,0.24571638700035692,0.06531024550958174,0.2989219245550525
800,4,None,vstack,1.32897986900025,0.274109457999657,0.06666502363609364,0.2949419369515702
800,4,bytes,vstack,1.4980864070003008,0.25239787899954536,0.06531024550958174,0.29892192455505256
850,-1,None,in_place,1.7047053700007382,1.0277283630002785,0.8153735859079465,0.9998022447741091
850,-1,bytes,in_place,1.8193030079983146,1.0088989740015677,0.7406663880840306,0.9998022447741091
850,-1,None,hstack,1.7806270050004969,0.9969007159998,0.743440995789551,0.9998022447741095
850,-1,bytes,hstack,1.840310784000394,0.9888984009994601,0.7406663880840306,0.9998022447741098
850,-1,None,vstack,1.7632993280003575,0.9911328830003185,0.743440995789551,0.9998022447741087
850,-1,bytes,vstack,1.9964186230008636,1.0082748200002243,0.7406663880840306,0.9998022447741091
850,0,None,in_place,1.6213281370000914,1.0478343140002835,0.8812661863366206,0.9998022447741093
850,0,bytes,in_place,1.7221476220001932,1.0731755970009544,0.8362749441081814,0.9998022447741086
850,0,None,hstack,1.6825695940005971,1.0542606560011336,0.8437438052776445,0.9998022447741098
850,0,bytes,hstack,1.7849954979992617,1.0448934749983891,0.8362749441081814,0.9998022447741092
850,0,None,vstack,1.7005458189996716,1.0448650710004586,0.8437438052776445,0.9998022447741088
850,0,bytes,vstack,1.7585424959997908,1.1815783380006906,0.8362749441081814,0.9998022447741085
850,1,None,in_place,1.2256758339990483,0.1991642579996551,0.044487752776852484,0.07113902400484978
850,1,bytes,in_place,1.2940445490003185,0.23438402200008568,0.045341710068313446,0.11792899851375092
850,1,None,hstack,1.2565217449991906,0.2491810510000505,0.045208593196409234,0.1324541374828917
850,1,bytes,hstack,1.3478442559990071,0.22590456000034465,0.045341710068313446,0.11792899851375087
850,1,None,vstack,1.2927348379998875,0.23056497300058254,0.045208593196409234,0.13245413748289173
850,1,bytes,vstack,1.5108957090014883,0.23786282200126152,0.045341710068313446,0.11792899851375087
850,2,None,in_place,1.308250598000086,0.21497134600031131,0.053566072276810255,0.14304629934350324
850,2,bytes,in_place,1.438873032999254,0.2585801019995415,0.053278991928533824,0.0732150605982028
850,2,None,hstack,1.2892911929993716,0.2426946859995951,0.05315039600699617,0.09954084463889484
850,2,bytes,hstack,1.5635590689998935,0.23068286400120996,0.053278991928533824,0.07321506059820283
850,2,None,vstack,1.264896149001288,0.2412124490001588,0.05315039600699617,0.09954084463889476
850,2,bytes,vstack,1.294297935999566,0.23437470400131133,0.053278991928533824,0.07321506059820282
850,3,None,in_place,1.2503012609995494,0.23490880800090963,0.06571939151775524,0.225570484887795
850,3,bytes,in_place,1.3279932440000266,0.25808468099967286,0.061634712861570067,0.20388140612443129
850,3,None,hstack,1.2858267589999741,0.25384338600088086,0.062097859110233015,0.191102130922458
850,3,bytes,hstack,1.3285571050000726,0.2391562539996812,0.061634712861570067,0.20388140612443112
850,3,None,vstack,1.2757160809997004,0.2791037770002731,0.062097859110233015,0.191102130922458
850,3,bytes,vstack,1.5252545639996242,0.24396075699951325,0.061634712861570067,0.20388140612443115
850,4,None,in_place,1.259444720000829,0.2385137660003238,0.07880402653421119,0.29985389744151747
850,4,bytes,in_place,1.538593352001044,0.2636879150013556,0.06982818190922874,0.29892297074434426
850,4,None,hstack,1.2924711819996446,0.26406495300034294,0.07107973166903755,0.294941703215558
850,4,bytes,hstack,1.3366339589993004,0.2461537489998591,0.06982818190922874,0.29892297074434393
850,4,None,vstack,1.2904962389984576,0.2590846410002996,0.07107973166903755,0.29494170321555796
850,4,bytes,vstack,1.3229365370007145,0.25488638800015906,0.06982818190922874,0.29892297074434426
900,-1,None,in_place,1.6861542829992686,1.031899034000162,0.8601772086961736,0.9998312247288708
900,-1,bytes,in_place,1.7754529280009592,1.0385424140004034,0.7845281462125582,0.9998312247288708
900,-1,None,hstack,1.7651215540008707,1.0429276489994663,0.7863860056493043,0.9998312247288698
900,-1,bytes,hstack,2.0716963979994034,1.0895088739998755,0.7845281462125582,0.9998312247288701
900,-1,None,vstack,1.9059865369999898,1.0940270880000753,0.7863860056493043,0.9998312247288703
900,-1,bytes,vstack,1.8047200109995174,1.035052512999755,0.7845281462125582,0.9998312247288701
900,0,None,in_place,1.6365604139991774,1.080129971000133,0.9410848899478238,0.9998312247288706
900,0,bytes,in_place,1.742467834999843,1.1265005790010036,0.8929799687363724,0.9998312247288696
900,0,None,hstack,1.723916998000277,1.1068446850003966,0.8988263110520597,0.9998312247288703
900,0,bytes,hstack,1.7738443739999639,1.0973124649990496,0.8929799687363724,0.9998312247288701
900,0,None,vstack,1.7242019639998034,1.0949010910007928,0.8988263110520597,0.9998312247288712
900,0,bytes,vstack,1.7667112929993891,1.1124224119994324,0.8929799687363724,0.9998312247288702
900,1,None,in_place,1.224057150999215,0.203743616999418,0.04723598827190126,0.07113842625617059
900,1,bytes,in_place,1.2803078039996763,0.2531471780002903,0.04812887596929647,0.11792900476427028
900,1,None,hstack,1.2455726699990919,0.2367847850000544,0.048014847554495504,0.13245877683060722
900,1,bytes,hstack,1.2899476170005073,0.23817613200117194,0.04812887596929647,0.11792900476427026
900,1,None,vstack,1.2424076400002377,0.23451709199980542,0.048014847554495504,0.13245877683060728
900,1,bytes,vstack,1.270823021999604,0.2331659920000675,0.04812887596929647,0.1179290047642703
900,2,None,in_place,1.2714321880011994,0.21766412800025137,0.05708814377626821,0.14304642119869906
900,2,bytes,in_place,1.2829742960002477,0.2484735099988029,0.05664860693507507,0.07321538526164492
900,2,None,hstack,1.3074231020000298,0.24619714100117562,0.056552411157831085,0.09954171952837793
900,2,bytes,hstack,1.31190506799976,0.23545934300091176,0.05664860693507507,0.07321538526164498
900,2,None,vstack,1.2651590540008328,0.25046340199878614,0.056552411157831085,0.09954171952837794
900,2,bytes,vstack,1.2945791250003822,0.24474070300129824,0.05664860693507507,0.073215385261645
900,3,None,in_place,1.2649609609998151,0.2368708180001704,0.06997461046832336,0.22556982844397608
900,3,bytes,in_place,1.2940003359999537,0.2626156890000857,0.06555186519028335,0.20388149164321975
900,3,None,hstack,1.2841699349992268,0.26576164399921254,0.06598185780292487,0.1911019899810268
900,3,bytes,hstack,1.325289160000466,0.24851676300022518,0.06555186519028335,0.2038814916432197
900,3,None,vstack,1.2768912200008344,0.26051578000078734,0.06598185780292487,0.19110198998102695
900,3,bytes,vstack,1.3384181239998725,0.2576379000001907,0.06555186519028335,0.20388149164321986
900,4,None,in_place,1.2742008730001544,0.2553032509986224,0.08389034686049823,0.2998538448573987
900,4,bytes,in_place,1.3190885830008483,0.2748106560011365,0.07429337388793254,0.2989232715726949
900,4,None,hstack,1.2910114070000418,0.2748332390001451,0.07541909052920549,0.29494237414798086
900,4,bytes,hstack,1.3387292890001845,0.2541062510008487,0.07429337388793254,0.29892327157269466
900,4,None,vstack,1.2997933079986979,0.268162817999837,0.07541909052920549,0.2949423741479809
900,4,bytes,vstack,1.3521715810002206,0.2655700129998877,0.07429337388793254,0.298923271572695
950,-1,None,in_place,1.7247357680007553,1.0833360889992036,0.9046236764054426,0.9999084040484296
950,-1,bytes,in_place,1.8037697949985159,1.083938310999656,0.8280543493583233,0.9999084040484298
950,-1,None,hstack,1.7454584970000724,1.0781461509996006,0.8292300476175376,0.9999084040484298
950,-1,bytes,hstack,1.7942173659994296,1.0895591379994585,0.8280543493583233,0.9999084040484294
950,-1,None,vstack,1.746386030999929,1.0776941919993988,0.8292300476175376,0.9999084040484295
950,-1,bytes,vstack,1.7919069920008042,1.0855954859998747,0.8280543493583233,0.9999084040484297
950,0,None,in_place,1.6484399080000003,1.1367808869999863,1.000282465211444,0.9999084040484296
950,0,bytes,in_place,1.7772948810015805,1.1808043229993928,0.9492057726257083,0.9999084040484298
950,0,None,hstack,1.800056484000379,1.1661359050012834,0.9536892995697877,0.9999084040484298
950,0,bytes,hstack,1.910946691999925,1.1499403569996502,0.9492057726257083,0.9999084040484301
950,0,None,vstack,1.7589551609999035,1.159106700999473,0.9536892995697877,0.9999084040484296
950,0,bytes,vstack,1.907703644999856,1.1726010599995789,0.9492057726257083,0.9999084040484307
950,1,None,in_place,1.2551571289986896,0.2041971190010372,0.04996011203166172,0.07113846353433591
950,1,bytes,in_place,1.2662432720007928,0.24048458199831657,0.05089067431544492,0.11792810343758003
950,1,None,hstack,1.2525274850013375,0.23607142499895417,0.050808794881028366,0.13246188219101573
950,1,bytes,hstack,1.315445885000372,0.22293173100115382,0.05089067431544492,0.11792810343757992
950,1,None,vstack,1.2720193010009098,0.2321160579995194,0.050808794881028366,0.13246188219101554
950,1,bytes,vstack,1.2758344039993972,0.23004015600054117,0.05089067431544492,0.11792810343758002
950,2,None,in_place,1.2555595060002815,0.21941133300060756,0.06057480116452146,0.1430480775245502
950,2,bytes,in_place,1.2951868170002854,0.24773580399960338,0.05998908692814295,0.07321422661483017
950,2,None,hstack,1.278510054000435,0.246654390999538,0.05993734716283678,0.09954092298094862
950,2,bytes,hstack,1.3169163090005895,0.2347462630004884,0.05998908692814295,0.07321422661483018
950,2,None,vstack,1.2594362039999396,0.24535024899887503,0.05993734716283678,0.09954092298094863
950,2,bytes,vstack,1.31166776200007,0.24069826400045713,0.05998908692814295,0.07321422661483011
950,3,None,in_place,1.2620837220001704,0.23115374899862218,0.0741647779663949,0.22557032534969593
950,3,bytes,in_place,1.340579116000299,0.26063267100107623,0.0694363662107937,0.20388120870068244
950,3,None,hstack,1.3082070350010326,0.26187160999870684,0.06984777269415049,0.19110383522053995
950,3,bytes,hstack,1.3198650929989526,0.24591195499851892,0.0694363662107937,0.20388120870068255
950,3,None,vstack,1.2717025160000048,0.2532114879995788,0.06984777269415049,0.19110383522054009
950,3,bytes,vstack,1.3499545220001892,0.2533549290001247,0.0694363662107937,0.20388120870068255
950,4,None,in_place,1.283034881000276,0.24896956399970804,0.0888829830486338,0.2998550611629998
950,4,bytes,in_place,1.3342627919992083,0.27542428899869265,0.07872239826370389,0.29892322380368025
950,4,None,hstack,1.2881774389989005,0.2712958480005909,0.07974086791572572,0.29494182892117776
950,4,bytes,hstack,1.3354386430000886,0.2541784360000747,0.07872239826370389,0.2989232238036804
950,4,None,vstack,1.298977113001456,0.2661628980004025,0.07974086791572572,0.2949418289211779
950,4,bytes,vstack,1.3237314420002804,0.28619689299921447,0.07872239826370389,0.29892322380368014
1000,-1,None,in_place,1.686339712001427,1.115109673999541,0.9369419412646919,0.9999999986708847
1000,-1,bytes,in_place,1.7854974120000406,1.1173992489984812,0.8597710766549111,0.9999999986708847
1000,-1,None,hstack,1.762767067999448,1.1100777339997876,0.8596334388326404,0.9999999986708847
1000,-1,bytes,hstack,1.8646864909987926,1.1012913350004965,0.8597710766549111,0.9999999986708845
1000,-1,None,vstack,1.7560805470002379,1.1093086179989768,0.8596334388326404,0.9999999986708846
1000,-1,bytes,vstack,1.801380152001002,1.117190816999937,0.8597710766549111,0.9999999986708845
1000,0,None,in_place,1.7148472670014598,1.178012114000012,1.0432711775914072,0.9999999986708845
1000,0,bytes,in_place,1.8094644409993634,1.197411684999679,0.9897792928542926,0.9999999986708851
1000,0,None,hstack,1.7991182589994423,1.1998938220003765,0.9928914648538493,0.9999999986708853
1000,0,bytes,hstack,1.824043389999133,1.2442593809992104,0.9897792928542926,0.9999999986708851
1000,0,None,vstack,1.788803668001492,1.1904884100003983,0.9928914648538493,0.9999999986708844
1000,0,bytes,vstack,1.8093118740016507,1.2144627529996797,0.9897792928542926,0.9999999986708843
1000,1,None,in_place,1.2164541660004033,0.20371324000007007,0.05193827898094011,0.07113860893474541
1000,1,bytes,in_place,1.2595612700006313,0.2411093560003792,0.05290978098193158,0.11792830369765606
1000,1,None,hstack,1.2408266269994783,0.23697097500007658,0.05280052468140643,0.1324637869050906
1000,1,bytes,hstack,1.282982742999593,0.22660772199924395,0.05290978098193158,0.117928303697656
1000,1,None,vstack,1.379603985000358,0.23311859299974458,0.05280052468140643,0.1324637869050907
1000,1,bytes,vstack,1.3029087340000842,0.2291518050005834,0.05290978098193158,0.11792830369765597
1000,2,None,in_place,1.2412851890003367,0.22236619800059998,0.06308819840441847,0.14304687659288778
1000,2,bytes,in_place,1.2805466830013756,0.25089144600133295,0.06244572112454873,0.07321423261917007
1000,2,None,hstack,1.264477282000371,0.24828061800144496,0.06236710682095247,0.09954175085306492
1000,2,bytes,hstack,1.3019673740000144,0.2362474250003288,0.06244572112454873,0.07321423261916996
1000,2,None,vstack,1.2650865870000416,0.24512042700007441,0.06236710682095247,0.09954175085306494
1000,2,bytes,vstack,1.3001798240002245,0.2406870719987637,0.06244572112454873,0.07321423261916998
1000,3,None,in_place,1.2562434319988824,0.23994185099945753,0.07713227955422174,0.22556963228141824
1000,3,bytes,in_place,1.289054106999174,0.2629070069997397,0.07225367178088711,0.20388121327155165
1000,3,None,hstack,1.2753818719993433,0.2594244190004247,0.07260680823729715,0.19110326201403535
1000,3,bytes,hstack,1.3309209380004177,0.26206282900056976,0.07225367178088711,0.2038812132715517
1000,3,None,vstack,1.2812034779999522,0.2578730730001553,0.07260680823729715,0.1911032620140351
1000,3,bytes,vstack,1.3424364080001396,0.2530574579996028,0.07225367178088711,0.20388121327155148
1000,4,None,in_place,1.270003571999041,0.2546365779999178,0.09244172447884273,0.2998556370682482
1000,4,bytes,in_place,1.3031997319994844,0.27383950000148616,0.08189133330675182,0.298923126721862
1000,4,None,hstack,1.2920568420013296,0.27612262299953727,0.08280833273943534,0.2949420163167667
1000,4,bytes,hstack,1.3286261450011807,0.25607438099905266,0.08189133330675182,0.2989231267218623
1000,4,None,vstack,1.2875564109999686,0.2677153870008624,0.08280833273943534,0.2949420163167667
1000,4,bytes,vstack,1.3135291519993189,0.2631200970008649,0.08189133330675182,0.2989231267218622
